Kruskals;Nodes;100;Edges;15;CputTime;0;Stopwatch;0,0052931
PrimPrio;Nodes;100;Edges;15;CputTime;0;Stopwatch;0,0149823
PrimHeap;Nodes;100;Edges;15;CputTime;0;Stopwatch;0,0118414
PrimSD;Nodes;100;Edges;15;CputTime;0,015625;Stopwatch;0,0292446
PrimSL;Nodes;100;Edges;15;CputTime;0,015625;Stopwatch;0,0075901
Kruskals;Nodes;100;Edges;15;CputTime;0;Stopwatch;0,0009166
PrimPrio;Nodes;100;Edges;15;CputTime;0;Stopwatch;0,001222
PrimHeap;Nodes;100;Edges;15;CputTime;0;Stopwatch;0,0011392
PrimSD;Nodes;100;Edges;15;CputTime;0;Stopwatch;0,0053955
PrimSL;Nodes;100;Edges;15;CputTime;0;Stopwatch;0,0020905
Kruskals;Nodes;100;Edges;15;CputTime;0;Stopwatch;0,0009436
PrimPrio;Nodes;100;Edges;15;CputTime;0;Stopwatch;0,0031078
PrimHeap;Nodes;100;Edges;15;CputTime;0;Stopwatch;0,0012967
PrimSD;Nodes;100;Edges;15;CputTime;0;Stopwatch;0,0095767
PrimSL;Nodes;100;Edges;15;CputTime;0,015625;Stopwatch;0,0021752
Kruskals;Nodes;100;Edges;15;CputTime;0;Stopwatch;0,0009633
PrimPrio;Nodes;100;Edges;15;CputTime;0;Stopwatch;0,0009552
PrimHeap;Nodes;100;Edges;15;CputTime;0;Stopwatch;0,0012179
PrimSD;Nodes;100;Edges;15;CputTime;0;Stopwatch;0,0059551
PrimSL;Nodes;100;Edges;15;CputTime;0;Stopwatch;0,0029343
Kruskals;Nodes;100;Edges;15;CputTime;0;Stopwatch;0,0009381
PrimPrio;Nodes;100;Edges;15;CputTime;0;Stopwatch;0,0010181
PrimHeap;Nodes;100;Edges;15;CputTime;0;Stopwatch;0,0012029
PrimSD;Nodes;100;Edges;15;CputTime;0;Stopwatch;0,0077495
PrimSL;Nodes;100;Edges;15;CputTime;0,015625;Stopwatch;0,0053121
Kruskals;Nodes;100;Edges;15;CputTime;0;Stopwatch;0,0010609
PrimPrio;Nodes;100;Edges;15;CputTime;0;Stopwatch;0,0012653
PrimHeap;Nodes;100;Edges;15;CputTime;0;Stopwatch;0,0018392
PrimSD;Nodes;100;Edges;15;CputTime;0;Stopwatch;0,0066427
PrimSL;Nodes;100;Edges;15;CputTime;0,015625;Stopwatch;0,0036729
Kruskals;Nodes;100;Edges;15;CputTime;0;Stopwatch;0,0013956
PrimPrio;Nodes;100;Edges;15;CputTime;0;Stopwatch;0,0019555
PrimHeap;Nodes;100;Edges;15;CputTime;0,015625;Stopwatch;0,0126446
PrimSD;Nodes;100;Edges;15;CputTime;0;Stopwatch;0,0070055
PrimSL;Nodes;100;Edges;15;CputTime;0;Stopwatch;0,0041084
Kruskals;Nodes;100;Edges;15;CputTime;0;Stopwatch;0,0014121
PrimPrio;Nodes;100;Edges;15;CputTime;0;Stopwatch;0,0014161
PrimHeap;Nodes;100;Edges;15;CputTime;0;Stopwatch;0,0016576
PrimSD;Nodes;100;Edges;15;CputTime;0;Stopwatch;0,0063859
PrimSL;Nodes;100;Edges;15;CputTime;0,015625;Stopwatch;0,0051312
Kruskals;Nodes;100;Edges;15;CputTime;0;Stopwatch;0,0017576
PrimPrio;Nodes;100;Edges;15;CputTime;0;Stopwatch;0,0019747
PrimHeap;Nodes;100;Edges;15;CputTime;0;Stopwatch;0,001291
PrimSD;Nodes;100;Edges;15;CputTime;0,015625;Stopwatch;0,0071129
PrimSL;Nodes;100;Edges;15;CputTime;0;Stopwatch;0,0040189
Kruskals;Nodes;100;Edges;15;CputTime;0;Stopwatch;0,0011333
PrimPrio;Nodes;100;Edges;15;CputTime;0;Stopwatch;0,001575
PrimHeap;Nodes;100;Edges;15;CputTime;0;Stopwatch;0,001331
PrimSD;Nodes;100;Edges;15;CputTime;0,015625;Stopwatch;0,0101295
PrimSL;Nodes;100;Edges;15;CputTime;0;Stopwatch;0,0039497
Kruskals;Nodes;100;Edges;40;CputTime;0,015625;Stopwatch;0,0038338
PrimPrio;Nodes;100;Edges;40;CputTime;0;Stopwatch;0,001415
PrimHeap;Nodes;100;Edges;40;CputTime;0;Stopwatch;0,0018673
PrimSD;Nodes;100;Edges;40;CputTime;0;Stopwatch;0,0081958
PrimSL;Nodes;100;Edges;40;CputTime;0,015625;Stopwatch;0,0032676
Kruskals;Nodes;100;Edges;40;CputTime;0;Stopwatch;0,0086489
PrimPrio;Nodes;100;Edges;40;CputTime;0;Stopwatch;0,0020725
PrimHeap;Nodes;100;Edges;40;CputTime;0,015625;Stopwatch;0,0047387
PrimSD;Nodes;100;Edges;40;CputTime;0,015625;Stopwatch;0,0130463
PrimSL;Nodes;100;Edges;40;CputTime;0;Stopwatch;0,0089937
Kruskals;Nodes;100;Edges;40;CputTime;0;Stopwatch;0,0047843
PrimPrio;Nodes;100;Edges;40;CputTime;0;Stopwatch;0,0049546
PrimHeap;Nodes;100;Edges;40;CputTime;0;Stopwatch;0,004724
PrimSD;Nodes;100;Edges;40;CputTime;0,015625;Stopwatch;0,0175401
PrimSL;Nodes;100;Edges;40;CputTime;0,015625;Stopwatch;0,0059909
Kruskals;Nodes;100;Edges;40;CputTime;0;Stopwatch;0,0063253
PrimPrio;Nodes;100;Edges;40;CputTime;0;Stopwatch;0,0021886
PrimHeap;Nodes;100;Edges;40;CputTime;0,015625;Stopwatch;0,0024234
PrimSD;Nodes;100;Edges;40;CputTime;0,015625;Stopwatch;0,0155707
PrimSL;Nodes;100;Edges;40;CputTime;0;Stopwatch;0,0079201
Kruskals;Nodes;100;Edges;40;CputTime;0,015625;Stopwatch;0,0059511
PrimPrio;Nodes;100;Edges;40;CputTime;0;Stopwatch;0,0026142
PrimHeap;Nodes;100;Edges;40;CputTime;0;Stopwatch;0,004069
PrimSD;Nodes;100;Edges;40;CputTime;0,015625;Stopwatch;0,0159163
PrimSL;Nodes;100;Edges;40;CputTime;0,015625;Stopwatch;0,007588
Kruskals;Nodes;100;Edges;40;CputTime;0;Stopwatch;0,0030148
PrimPrio;Nodes;100;Edges;40;CputTime;0;Stopwatch;0,0012996
PrimHeap;Nodes;100;Edges;40;CputTime;0,015625;Stopwatch;0,0062591
PrimSD;Nodes;100;Edges;40;CputTime;0,015625;Stopwatch;0,0167363
PrimSL;Nodes;100;Edges;40;CputTime;0;Stopwatch;0,0040579
Kruskals;Nodes;100;Edges;40;CputTime;0;Stopwatch;0,0043188
PrimPrio;Nodes;100;Edges;40;CputTime;0;Stopwatch;0,0022976
PrimHeap;Nodes;100;Edges;40;CputTime;0;Stopwatch;0,0056081
PrimSD;Nodes;100;Edges;40;CputTime;0,015625;Stopwatch;0,014482
PrimSL;Nodes;100;Edges;40;CputTime;0;Stopwatch;0,0059993
Kruskals;Nodes;100;Edges;40;CputTime;0,015625;Stopwatch;0,0048816
PrimPrio;Nodes;100;Edges;40;CputTime;0;Stopwatch;0,0046518
PrimHeap;Nodes;100;Edges;40;CputTime;0;Stopwatch;0,0027639
PrimSD;Nodes;100;Edges;40;CputTime;0,015625;Stopwatch;0,0163611
PrimSL;Nodes;100;Edges;40;CputTime;0;Stopwatch;0,00446
Kruskals;Nodes;100;Edges;40;CputTime;0;Stopwatch;0,0089313
PrimPrio;Nodes;100;Edges;40;CputTime;0;Stopwatch;0,0036941
PrimHeap;Nodes;100;Edges;40;CputTime;0;Stopwatch;0,0068255
PrimSD;Nodes;100;Edges;40;CputTime;0,015625;Stopwatch;0,0285557
PrimSL;Nodes;100;Edges;40;CputTime;0;Stopwatch;0,0059766
Kruskals;Nodes;100;Edges;40;CputTime;0,015625;Stopwatch;0,0042482
PrimPrio;Nodes;100;Edges;40;CputTime;0;Stopwatch;0,0014908
PrimHeap;Nodes;100;Edges;40;CputTime;0;Stopwatch;0,0049317
PrimSD;Nodes;100;Edges;40;CputTime;0,046875;Stopwatch;0,0216816
PrimSL;Nodes;100;Edges;40;CputTime;0;Stopwatch;0,0130598
Kruskals;Nodes;100;Edges;75;CputTime;0,015625;Stopwatch;0,0256977
PrimPrio;Nodes;100;Edges;75;CputTime;0;Stopwatch;0,0119129
PrimHeap;Nodes;100;Edges;75;CputTime;0,015625;Stopwatch;0,0090213
PrimSD;Nodes;100;Edges;75;CputTime;0,078125;Stopwatch;0,0376808
PrimSL;Nodes;100;Edges;75;CputTime;0;Stopwatch;0,0106231
Kruskals;Nodes;100;Edges;75;CputTime;0,015625;Stopwatch;0,0331456
PrimPrio;Nodes;100;Edges;75;CputTime;0;Stopwatch;0,0050226
PrimHeap;Nodes;100;Edges;75;CputTime;0;Stopwatch;0,0050659
PrimSD;Nodes;100;Edges;75;CputTime;0,03125;Stopwatch;0,020196
PrimSL;Nodes;100;Edges;75;CputTime;0;Stopwatch;0,0093139
Kruskals;Nodes;100;Edges;75;CputTime;0,03125;Stopwatch;0,0321185
PrimPrio;Nodes;100;Edges;75;CputTime;0,015625;Stopwatch;0,0040166
PrimHeap;Nodes;100;Edges;75;CputTime;0;Stopwatch;0,0040086
PrimSD;Nodes;100;Edges;75;CputTime;0,015625;Stopwatch;0,0214213
PrimSL;Nodes;100;Edges;75;CputTime;0,03125;Stopwatch;0,018999
Kruskals;Nodes;100;Edges;75;CputTime;0,015625;Stopwatch;0,0363327
PrimPrio;Nodes;100;Edges;75;CputTime;0;Stopwatch;0,0041813
PrimHeap;Nodes;100;Edges;75;CputTime;0,015625;Stopwatch;0,0035001
PrimSD;Nodes;100;Edges;75;CputTime;0,03125;Stopwatch;0,0196293
PrimSL;Nodes;100;Edges;75;CputTime;0,03125;Stopwatch;0,014342
Kruskals;Nodes;100;Edges;75;CputTime;0,046875;Stopwatch;0,0369989
PrimPrio;Nodes;100;Edges;75;CputTime;0,03125;Stopwatch;0,0049596
PrimHeap;Nodes;100;Edges;75;CputTime;0;Stopwatch;0,0077715
PrimSD;Nodes;100;Edges;75;CputTime;0,046875;Stopwatch;0,0198745
PrimSL;Nodes;100;Edges;75;CputTime;0;Stopwatch;0,013567
Kruskals;Nodes;100;Edges;75;CputTime;0,046875;Stopwatch;0,0322697
PrimPrio;Nodes;100;Edges;75;CputTime;0;Stopwatch;0,001612
PrimHeap;Nodes;100;Edges;75;CputTime;0;Stopwatch;0,0018149
PrimSD;Nodes;100;Edges;75;CputTime;0;Stopwatch;0,004729
PrimSL;Nodes;100;Edges;75;CputTime;0,015625;Stopwatch;0,0050326
Kruskals;Nodes;100;Edges;75;CputTime;0,03125;Stopwatch;0,0236103
PrimPrio;Nodes;100;Edges;75;CputTime;0,03125;Stopwatch;0,0032325
PrimHeap;Nodes;100;Edges;75;CputTime;0;Stopwatch;0,0017209
PrimSD;Nodes;100;Edges;75;CputTime;0;Stopwatch;0,0052542
PrimSL;Nodes;100;Edges;75;CputTime;0,015625;Stopwatch;0,0093414
Kruskals;Nodes;100;Edges;75;CputTime;0;Stopwatch;0,003934
PrimPrio;Nodes;100;Edges;75;CputTime;0;Stopwatch;0,0010916
PrimHeap;Nodes;100;Edges;75;CputTime;0;Stopwatch;0,0016922
PrimSD;Nodes;100;Edges;75;CputTime;0,03125;Stopwatch;0,0050782
PrimSL;Nodes;100;Edges;75;CputTime;0;Stopwatch;0,0043531
Kruskals;Nodes;100;Edges;75;CputTime;0;Stopwatch;0,0043515
PrimPrio;Nodes;100;Edges;75;CputTime;0;Stopwatch;0,0028916
PrimHeap;Nodes;100;Edges;75;CputTime;0;Stopwatch;0,0037483
PrimSD;Nodes;100;Edges;75;CputTime;0;Stopwatch;0,0037473
PrimSL;Nodes;100;Edges;75;CputTime;0,03125;Stopwatch;0,0045047
Kruskals;Nodes;100;Edges;75;CputTime;0;Stopwatch;0,0026645
PrimPrio;Nodes;100;Edges;75;CputTime;0;Stopwatch;0,0022726
PrimHeap;Nodes;100;Edges;75;CputTime;0;Stopwatch;0,0010341
PrimSD;Nodes;100;Edges;75;CputTime;0,03125;Stopwatch;0,0110419
PrimSL;Nodes;100;Edges;75;CputTime;0;Stopwatch;0,0048071
Kruskals;Nodes;500;Edges;15;CputTime;0,046875;Stopwatch;0,0434635
PrimPrio;Nodes;500;Edges;15;CputTime;0,015625;Stopwatch;0,0099296
PrimHeap;Nodes;500;Edges;15;CputTime;0;Stopwatch;0,0040834
PrimSD;Nodes;500;Edges;15;CputTime;0,03125;Stopwatch;0,0349524
PrimSL;Nodes;500;Edges;15;CputTime;0,046875;Stopwatch;0,0448446
Kruskals;Nodes;500;Edges;15;CputTime;0,015625;Stopwatch;0,0175169
PrimPrio;Nodes;500;Edges;15;CputTime;0,015625;Stopwatch;0,0405636
PrimHeap;Nodes;500;Edges;15;CputTime;0,015625;Stopwatch;0,0144446
PrimSD;Nodes;500;Edges;15;CputTime;0,046875;Stopwatch;0,0363062
PrimSL;Nodes;500;Edges;15;CputTime;0,015625;Stopwatch;0,0233508
Kruskals;Nodes;500;Edges;15;CputTime;0;Stopwatch;0,0253226
PrimPrio;Nodes;500;Edges;15;CputTime;0,03125;Stopwatch;0,0246636
PrimHeap;Nodes;500;Edges;15;CputTime;0,015625;Stopwatch;0,0178438
PrimSD;Nodes;500;Edges;15;CputTime;0,03125;Stopwatch;0,0339112
PrimSL;Nodes;500;Edges;15;CputTime;0,03125;Stopwatch;0,034222
Kruskals;Nodes;500;Edges;15;CputTime;0,03125;Stopwatch;0,0254501
PrimPrio;Nodes;500;Edges;15;CputTime;0;Stopwatch;0,0125464
PrimHeap;Nodes;500;Edges;15;CputTime;0,03125;Stopwatch;0,0243028
PrimSD;Nodes;500;Edges;15;CputTime;0,03125;Stopwatch;0,0336588
PrimSL;Nodes;500;Edges;15;CputTime;0,03125;Stopwatch;0,0301084
Kruskals;Nodes;500;Edges;15;CputTime;0,015625;Stopwatch;0,0217854
PrimPrio;Nodes;500;Edges;15;CputTime;0,015625;Stopwatch;0,0203396
PrimHeap;Nodes;500;Edges;15;CputTime;0,046875;Stopwatch;0,0400299
PrimSD;Nodes;500;Edges;15;CputTime;0,046875;Stopwatch;0,0438144
PrimSL;Nodes;500;Edges;15;CputTime;0,015625;Stopwatch;0,0205795
Kruskals;Nodes;500;Edges;15;CputTime;0,03125;Stopwatch;0,0233089
PrimPrio;Nodes;500;Edges;15;CputTime;0;Stopwatch;0,0125687
PrimHeap;Nodes;500;Edges;15;CputTime;0,015625;Stopwatch;0,0182455
PrimSD;Nodes;500;Edges;15;CputTime;0,046875;Stopwatch;0,0432346
PrimSL;Nodes;500;Edges;15;CputTime;0,015625;Stopwatch;0,0264968
Kruskals;Nodes;500;Edges;15;CputTime;0,015625;Stopwatch;0,02151
PrimPrio;Nodes;500;Edges;15;CputTime;0,015625;Stopwatch;0,0109763
PrimHeap;Nodes;500;Edges;15;CputTime;0,015625;Stopwatch;0,0129056
PrimSD;Nodes;500;Edges;15;CputTime;0,046875;Stopwatch;0,0500383
PrimSL;Nodes;500;Edges;15;CputTime;0,03125;Stopwatch;0,0268815
Kruskals;Nodes;500;Edges;15;CputTime;0,03125;Stopwatch;0,0231188
PrimPrio;Nodes;500;Edges;15;CputTime;0;Stopwatch;0,0119014
PrimHeap;Nodes;500;Edges;15;CputTime;0,015625;Stopwatch;0,0129779
PrimSD;Nodes;500;Edges;15;CputTime;0,078125;Stopwatch;0,0671551
PrimSL;Nodes;500;Edges;15;CputTime;0,03125;Stopwatch;0,0354105
Kruskals;Nodes;500;Edges;15;CputTime;0;Stopwatch;0,0107889
PrimPrio;Nodes;500;Edges;15;CputTime;0,015625;Stopwatch;0,0202474
PrimHeap;Nodes;500;Edges;15;CputTime;0;Stopwatch;0,0120657
PrimSD;Nodes;500;Edges;15;CputTime;0,046875;Stopwatch;0,0504347
PrimSL;Nodes;500;Edges;15;CputTime;0,015625;Stopwatch;0,0166161
Kruskals;Nodes;500;Edges;15;CputTime;0,03125;Stopwatch;0,0205241
PrimPrio;Nodes;500;Edges;15;CputTime;0;Stopwatch;0,0220659
PrimHeap;Nodes;500;Edges;15;CputTime;0,015625;Stopwatch;0,0124552
PrimSD;Nodes;500;Edges;15;CputTime;0,03125;Stopwatch;0,0469708
PrimSL;Nodes;500;Edges;15;CputTime;0,03125;Stopwatch;0,0280457
Kruskals;Nodes;500;Edges;40;CputTime;0,078125;Stopwatch;0,0677066
PrimPrio;Nodes;500;Edges;40;CputTime;0,015625;Stopwatch;0,014514
PrimHeap;Nodes;500;Edges;40;CputTime;0,015625;Stopwatch;0,0292887
PrimSD;Nodes;500;Edges;40;CputTime;0,0625;Stopwatch;0,063316
PrimSL;Nodes;500;Edges;40;CputTime;0,046875;Stopwatch;0,052942
Kruskals;Nodes;500;Edges;40;CputTime;0,0625;Stopwatch;0,0672635
PrimPrio;Nodes;500;Edges;40;CputTime;0,046875;Stopwatch;0,0356097
PrimHeap;Nodes;500;Edges;40;CputTime;0,046875;Stopwatch;0,0545193
PrimSD;Nodes;500;Edges;40;CputTime;0,078125;Stopwatch;0,0743488
PrimSL;Nodes;500;Edges;40;CputTime;0,046875;Stopwatch;0,0502982
Kruskals;Nodes;500;Edges;40;CputTime;0,0625;Stopwatch;0,0518643
PrimPrio;Nodes;500;Edges;40;CputTime;0,015625;Stopwatch;0,0297694
PrimHeap;Nodes;500;Edges;40;CputTime;0,03125;Stopwatch;0,0268893
PrimSD;Nodes;500;Edges;40;CputTime;0,0625;Stopwatch;0,0586835
PrimSL;Nodes;500;Edges;40;CputTime;0,03125;Stopwatch;0,0482763
Kruskals;Nodes;500;Edges;40;CputTime;0,09375;Stopwatch;0,0755428
PrimPrio;Nodes;500;Edges;40;CputTime;0,046875;Stopwatch;0,0469153
PrimHeap;Nodes;500;Edges;40;CputTime;0,015625;Stopwatch;0,0211362
PrimSD;Nodes;500;Edges;40;CputTime;0,09375;Stopwatch;0,079899
PrimSL;Nodes;500;Edges;40;CputTime;0,046875;Stopwatch;0,0509617
Kruskals;Nodes;500;Edges;40;CputTime;0,046875;Stopwatch;0,0546486
PrimPrio;Nodes;500;Edges;40;CputTime;0;Stopwatch;0,0256342
PrimHeap;Nodes;500;Edges;40;CputTime;0,03125;Stopwatch;0,0299165
PrimSD;Nodes;500;Edges;40;CputTime;0,046875;Stopwatch;0,0530175
PrimSL;Nodes;500;Edges;40;CputTime;0,046875;Stopwatch;0,0568555
Kruskals;Nodes;500;Edges;40;CputTime;0,046875;Stopwatch;0,0569829
PrimPrio;Nodes;500;Edges;40;CputTime;0,03125;Stopwatch;0,0245825
PrimHeap;Nodes;500;Edges;40;CputTime;0,015625;Stopwatch;0,0182867
PrimSD;Nodes;500;Edges;40;CputTime;0,0625;Stopwatch;0,0649133
PrimSL;Nodes;500;Edges;40;CputTime;0,046875;Stopwatch;0,0407767
Kruskals;Nodes;500;Edges;40;CputTime;0,03125;Stopwatch;0,0482869
PrimPrio;Nodes;500;Edges;40;CputTime;0,015625;Stopwatch;0,0199168
PrimHeap;Nodes;500;Edges;40;CputTime;0,046875;Stopwatch;0,0491456
PrimSD;Nodes;500;Edges;40;CputTime;0,03125;Stopwatch;0,0395247
PrimSL;Nodes;500;Edges;40;CputTime;0,046875;Stopwatch;0,0519565
Kruskals;Nodes;500;Edges;40;CputTime;0,046875;Stopwatch;0,0482562
PrimPrio;Nodes;500;Edges;40;CputTime;0,015625;Stopwatch;0,0170815
PrimHeap;Nodes;500;Edges;40;CputTime;0,015625;Stopwatch;0,0213243
PrimSD;Nodes;500;Edges;40;CputTime;0,078125;Stopwatch;0,0720036
PrimSL;Nodes;500;Edges;40;CputTime;0,046875;Stopwatch;0,0446719
Kruskals;Nodes;500;Edges;40;CputTime;0,0625;Stopwatch;0,057364
PrimPrio;Nodes;500;Edges;40;CputTime;0,03125;Stopwatch;0,0313366
PrimHeap;Nodes;500;Edges;40;CputTime;0,046875;Stopwatch;0,0492657
PrimSD;Nodes;500;Edges;40;CputTime;0,0625;Stopwatch;0,0764868
PrimSL;Nodes;500;Edges;40;CputTime;0,0625;Stopwatch;0,0781174
Kruskals;Nodes;500;Edges;40;CputTime;0,09375;Stopwatch;0,0773611
PrimPrio;Nodes;500;Edges;40;CputTime;0,03125;Stopwatch;0,0271603
PrimHeap;Nodes;500;Edges;40;CputTime;0,03125;Stopwatch;0,0491211
PrimSD;Nodes;500;Edges;40;CputTime;0,0625;Stopwatch;0,069196
PrimSL;Nodes;500;Edges;40;CputTime;0,046875;Stopwatch;0,0405563
Kruskals;Nodes;500;Edges;75;CputTime;0,125;Stopwatch;0,1305662
PrimPrio;Nodes;500;Edges;75;CputTime;0,0625;Stopwatch;0,0594079
PrimHeap;Nodes;500;Edges;75;CputTime;0,0625;Stopwatch;0,068999
PrimSD;Nodes;500;Edges;75;CputTime;0,09375;Stopwatch;0,0890637
PrimSL;Nodes;500;Edges;75;CputTime;0,078125;Stopwatch;0,0779898
Kruskals;Nodes;500;Edges;75;CputTime;0,140625;Stopwatch;0,1185594
PrimPrio;Nodes;500;Edges;75;CputTime;0,0625;Stopwatch;0,0661041
PrimHeap;Nodes;500;Edges;75;CputTime;0,046875;Stopwatch;0,0478569
PrimSD;Nodes;500;Edges;75;CputTime;0,078125;Stopwatch;0,0738825
PrimSL;Nodes;500;Edges;75;CputTime;0,0625;Stopwatch;0,0683072
Kruskals;Nodes;500;Edges;75;CputTime;0,109375;Stopwatch;0,1106273
PrimPrio;Nodes;500;Edges;75;CputTime;0,046875;Stopwatch;0,0530734
PrimHeap;Nodes;500;Edges;75;CputTime;0,046875;Stopwatch;0,0462778
PrimSD;Nodes;500;Edges;75;CputTime;0,078125;Stopwatch;0,0757844
PrimSL;Nodes;500;Edges;75;CputTime;0,0625;Stopwatch;0,0639214
Kruskals;Nodes;500;Edges;75;CputTime;0,125;Stopwatch;0,1334739
PrimPrio;Nodes;500;Edges;75;CputTime;0,046875;Stopwatch;0,0609213
PrimHeap;Nodes;500;Edges;75;CputTime;0,046875;Stopwatch;0,0561707
PrimSD;Nodes;500;Edges;75;CputTime;0,078125;Stopwatch;0,0864417
PrimSL;Nodes;500;Edges;75;CputTime;0,0625;Stopwatch;0,0647074
Kruskals;Nodes;500;Edges;75;CputTime;0,09375;Stopwatch;0,1150744
PrimPrio;Nodes;500;Edges;75;CputTime;0,046875;Stopwatch;0,0491588
PrimHeap;Nodes;500;Edges;75;CputTime;0,0625;Stopwatch;0,0578491
PrimSD;Nodes;500;Edges;75;CputTime;0,078125;Stopwatch;0,0805667
PrimSL;Nodes;500;Edges;75;CputTime;0,0625;Stopwatch;0,068116
Kruskals;Nodes;500;Edges;75;CputTime;0,125;Stopwatch;0,1156874
PrimPrio;Nodes;500;Edges;75;CputTime;0,03125;Stopwatch;0,0489589
PrimHeap;Nodes;500;Edges;75;CputTime;0,0625;Stopwatch;0,0614492
PrimSD;Nodes;500;Edges;75;CputTime;0,09375;Stopwatch;0,1325677
PrimSL;Nodes;500;Edges;75;CputTime;0,0625;Stopwatch;0,0692776
Kruskals;Nodes;500;Edges;75;CputTime;0,125;Stopwatch;0,1191282
PrimPrio;Nodes;500;Edges;75;CputTime;0,046875;Stopwatch;0,0555785
PrimHeap;Nodes;500;Edges;75;CputTime;0,0625;Stopwatch;0,0579792
PrimSD;Nodes;500;Edges;75;CputTime;0,09375;Stopwatch;0,1077692
PrimSL;Nodes;500;Edges;75;CputTime;0,09375;Stopwatch;0,0973153
Kruskals;Nodes;500;Edges;75;CputTime;0,1875;Stopwatch;0,2535921
PrimPrio;Nodes;500;Edges;75;CputTime;0,046875;Stopwatch;0,0555576
PrimHeap;Nodes;500;Edges;75;CputTime;0,109375;Stopwatch;0,1151171
PrimSD;Nodes;500;Edges;75;CputTime;0,140625;Stopwatch;0,156668
PrimSL;Nodes;500;Edges;75;CputTime;0,078125;Stopwatch;0,0796724
Kruskals;Nodes;500;Edges;75;CputTime;0,109375;Stopwatch;0,1328483
PrimPrio;Nodes;500;Edges;75;CputTime;0,046875;Stopwatch;0,0462717
PrimHeap;Nodes;500;Edges;75;CputTime;0,0625;Stopwatch;0,0576133
PrimSD;Nodes;500;Edges;75;CputTime;0,078125;Stopwatch;0,1035323
PrimSL;Nodes;500;Edges;75;CputTime;0,046875;Stopwatch;0,0655605
Kruskals;Nodes;500;Edges;75;CputTime;0,09375;Stopwatch;0,1217925
PrimPrio;Nodes;500;Edges;75;CputTime;0,046875;Stopwatch;0,0432121
PrimHeap;Nodes;500;Edges;75;CputTime;0,046875;Stopwatch;0,0426233
PrimSD;Nodes;500;Edges;75;CputTime;0,078125;Stopwatch;0,0876238
PrimSL;Nodes;500;Edges;75;CputTime;0,0625;Stopwatch;0,0640214
Kruskals;Nodes;1000;Edges;15;CputTime;0,09375;Stopwatch;0,0901571
PrimPrio;Nodes;1000;Edges;15;CputTime;0,078125;Stopwatch;0,07404
PrimHeap;Nodes;1000;Edges;15;CputTime;0,046875;Stopwatch;0,0477513
PrimSD;Nodes;1000;Edges;15;CputTime;0,078125;Stopwatch;0,0893096
PrimSL;Nodes;1000;Edges;15;CputTime;0,140625;Stopwatch;0,1483803
Kruskals;Nodes;1000;Edges;15;CputTime;0,203125;Stopwatch;0,2576139
PrimPrio;Nodes;1000;Edges;15;CputTime;0,0625;Stopwatch;0,0812201
PrimHeap;Nodes;1000;Edges;15;CputTime;0,0625;Stopwatch;0,0750789
PrimSD;Nodes;1000;Edges;15;CputTime;0,140625;Stopwatch;0,1719617
PrimSL;Nodes;1000;Edges;15;CputTime;0,140625;Stopwatch;0,1367012
Kruskals;Nodes;1000;Edges;15;CputTime;0,109375;Stopwatch;0,1088794
PrimPrio;Nodes;1000;Edges;15;CputTime;0,046875;Stopwatch;0,0531862
PrimHeap;Nodes;1000;Edges;15;CputTime;0,046875;Stopwatch;0,0561926
PrimSD;Nodes;1000;Edges;15;CputTime;0,09375;Stopwatch;0,1208977
PrimSL;Nodes;1000;Edges;15;CputTime;0,125;Stopwatch;0,1143653
Kruskals;Nodes;1000;Edges;15;CputTime;0,078125;Stopwatch;0,0923092
PrimPrio;Nodes;1000;Edges;15;CputTime;0,0625;Stopwatch;0,0559609
PrimHeap;Nodes;1000;Edges;15;CputTime;0,046875;Stopwatch;0,0491442
PrimSD;Nodes;1000;Edges;15;CputTime;0,171875;Stopwatch;0,1491725
PrimSL;Nodes;1000;Edges;15;CputTime;0,078125;Stopwatch;0,0938241
Kruskals;Nodes;1000;Edges;15;CputTime;0,078125;Stopwatch;0,0849107
PrimPrio;Nodes;1000;Edges;15;CputTime;0,046875;Stopwatch;0,0449574
PrimHeap;Nodes;1000;Edges;15;CputTime;0,046875;Stopwatch;0,0483196
PrimSD;Nodes;1000;Edges;15;CputTime;0,140625;Stopwatch;0,1415581
PrimSL;Nodes;1000;Edges;15;CputTime;0,109375;Stopwatch;0,1058708
Kruskals;Nodes;1000;Edges;15;CputTime;0,078125;Stopwatch;0,0865988
PrimPrio;Nodes;1000;Edges;15;CputTime;0,046875;Stopwatch;0,049602
PrimHeap;Nodes;1000;Edges;15;CputTime;0,046875;Stopwatch;0,0432106
PrimSD;Nodes;1000;Edges;15;CputTime;0,125;Stopwatch;0,1168435
PrimSL;Nodes;1000;Edges;15;CputTime;0,078125;Stopwatch;0,0908883
Kruskals;Nodes;1000;Edges;15;CputTime;0,078125;Stopwatch;0,0828428
PrimPrio;Nodes;1000;Edges;15;CputTime;0,03125;Stopwatch;0,0417384
PrimHeap;Nodes;1000;Edges;15;CputTime;0,046875;Stopwatch;0,0426828
PrimSD;Nodes;1000;Edges;15;CputTime;0,140625;Stopwatch;0,1607656
PrimSL;Nodes;1000;Edges;15;CputTime;0,09375;Stopwatch;0,1062583
Kruskals;Nodes;1000;Edges;15;CputTime;0,078125;Stopwatch;0,1022262
PrimPrio;Nodes;1000;Edges;15;CputTime;0,046875;Stopwatch;0,0632944
PrimHeap;Nodes;1000;Edges;15;CputTime;0,09375;Stopwatch;0,0883387
PrimSD;Nodes;1000;Edges;15;CputTime;0,125;Stopwatch;0,1306623
PrimSL;Nodes;1000;Edges;15;CputTime;0,109375;Stopwatch;0,1026528
Kruskals;Nodes;1000;Edges;15;CputTime;0,296875;Stopwatch;0,3045734
PrimPrio;Nodes;1000;Edges;15;CputTime;0,09375;Stopwatch;0,1057146
PrimHeap;Nodes;1000;Edges;15;CputTime;0,109375;Stopwatch;0,1215161
PrimSD;Nodes;1000;Edges;15;CputTime;0,109375;Stopwatch;0,1152751
PrimSL;Nodes;1000;Edges;15;CputTime;0,09375;Stopwatch;0,1004932
Kruskals;Nodes;1000;Edges;15;CputTime;0,078125;Stopwatch;0,0761117
PrimPrio;Nodes;1000;Edges;15;CputTime;0,046875;Stopwatch;0,051453
PrimHeap;Nodes;1000;Edges;15;CputTime;0,0625;Stopwatch;0,0443408
PrimSD;Nodes;1000;Edges;15;CputTime;0,09375;Stopwatch;0,0901083
PrimSL;Nodes;1000;Edges;15;CputTime;0,09375;Stopwatch;0,1038118
Kruskals;Nodes;1000;Edges;40;CputTime;0,265625;Stopwatch;0,2687266
PrimPrio;Nodes;1000;Edges;40;CputTime;0,1875;Stopwatch;0,1972081
PrimHeap;Nodes;1000;Edges;40;CputTime;0,09375;Stopwatch;0,0980031
PrimSD;Nodes;1000;Edges;40;CputTime;0,21875;Stopwatch;0,1939857
PrimSL;Nodes;1000;Edges;40;CputTime;0,171875;Stopwatch;0,178098
Kruskals;Nodes;1000;Edges;40;CputTime;0,296875;Stopwatch;0,3976834
PrimPrio;Nodes;1000;Edges;40;CputTime;0,140625;Stopwatch;0,1224507
PrimHeap;Nodes;1000;Edges;40;CputTime;0,09375;Stopwatch;0,0983067
PrimSD;Nodes;1000;Edges;40;CputTime;0,1875;Stopwatch;0,2564287
PrimSL;Nodes;1000;Edges;40;CputTime;0,1875;Stopwatch;0,1896201
Kruskals;Nodes;1000;Edges;40;CputTime;0,234375;Stopwatch;0,2505938
PrimPrio;Nodes;1000;Edges;40;CputTime;0,109375;Stopwatch;0,1005569
PrimHeap;Nodes;1000;Edges;40;CputTime;0,09375;Stopwatch;0,0970171
PrimSD;Nodes;1000;Edges;40;CputTime;0,21875;Stopwatch;0,2251832
PrimSL;Nodes;1000;Edges;40;CputTime;0,171875;Stopwatch;0,1670857
Kruskals;Nodes;1000;Edges;40;CputTime;0,28125;Stopwatch;0,2664799
PrimPrio;Nodes;1000;Edges;40;CputTime;0,109375;Stopwatch;0,1133474
PrimHeap;Nodes;1000;Edges;40;CputTime;0,09375;Stopwatch;0,0981646
PrimSD;Nodes;1000;Edges;40;CputTime;0,171875;Stopwatch;0,187247
PrimSL;Nodes;1000;Edges;40;CputTime;0,15625;Stopwatch;0,1686499
Kruskals;Nodes;1000;Edges;40;CputTime;0,234375;Stopwatch;0,2718415
PrimPrio;Nodes;1000;Edges;40;CputTime;0,203125;Stopwatch;0,1995972
PrimHeap;Nodes;1000;Edges;40;CputTime;0,09375;Stopwatch;0,0995047
PrimSD;Nodes;1000;Edges;40;CputTime;0,171875;Stopwatch;0,1917557
PrimSL;Nodes;1000;Edges;40;CputTime;0,1875;Stopwatch;0,1829356
Kruskals;Nodes;1000;Edges;40;CputTime;0,296875;Stopwatch;0,2698969
PrimPrio;Nodes;1000;Edges;40;CputTime;0,09375;Stopwatch;0,097502
PrimHeap;Nodes;1000;Edges;40;CputTime;0,109375;Stopwatch;0,1035201
PrimSD;Nodes;1000;Edges;40;CputTime;0,1875;Stopwatch;0,208912
PrimSL;Nodes;1000;Edges;40;CputTime;0,171875;Stopwatch;0,1705085
Kruskals;Nodes;1000;Edges;40;CputTime;0,234375;Stopwatch;0,2580891
PrimPrio;Nodes;1000;Edges;40;CputTime;0,09375;Stopwatch;0,0945587
PrimHeap;Nodes;1000;Edges;40;CputTime;0,09375;Stopwatch;0,0997941
PrimSD;Nodes;1000;Edges;40;CputTime;0,28125;Stopwatch;0,2783051
PrimSL;Nodes;1000;Edges;40;CputTime;0,171875;Stopwatch;0,1749793
Kruskals;Nodes;1000;Edges;40;CputTime;0,28125;Stopwatch;0,2677864
PrimPrio;Nodes;1000;Edges;40;CputTime;0,109375;Stopwatch;0,1103786
PrimHeap;Nodes;1000;Edges;40;CputTime;0,09375;Stopwatch;0,1036122
PrimSD;Nodes;1000;Edges;40;CputTime;0,1875;Stopwatch;0,1834312
PrimSL;Nodes;1000;Edges;40;CputTime;0,171875;Stopwatch;0,1687417
Kruskals;Nodes;1000;Edges;40;CputTime;0,265625;Stopwatch;0,2571092
PrimPrio;Nodes;1000;Edges;40;CputTime;0,09375;Stopwatch;0,0982209
PrimHeap;Nodes;1000;Edges;40;CputTime;0,078125;Stopwatch;0,0964617
PrimSD;Nodes;1000;Edges;40;CputTime;0,234375;Stopwatch;0,2392799
PrimSL;Nodes;1000;Edges;40;CputTime;0,1875;Stopwatch;0,1987655
Kruskals;Nodes;1000;Edges;40;CputTime;0,296875;Stopwatch;0,276847
PrimPrio;Nodes;1000;Edges;40;CputTime;0,078125;Stopwatch;0,1011614
PrimHeap;Nodes;1000;Edges;40;CputTime;0,109375;Stopwatch;0,1131436
PrimSD;Nodes;1000;Edges;40;CputTime;0,171875;Stopwatch;0,2175633
PrimSL;Nodes;1000;Edges;40;CputTime;0,1875;Stopwatch;0,1812851
Kruskals;Nodes;1000;Edges;75;CputTime;0,5625;Stopwatch;0,5766295
PrimPrio;Nodes;1000;Edges;75;CputTime;0,1875;Stopwatch;0,2162525
PrimHeap;Nodes;1000;Edges;75;CputTime;0,1875;Stopwatch;0,1877672
PrimSD;Nodes;1000;Edges;75;CputTime;0,359375;Stopwatch;0,3813182
PrimSL;Nodes;1000;Edges;75;CputTime;0,25;Stopwatch;0,2811104
Kruskals;Nodes;1000;Edges;75;CputTime;0,59375;Stopwatch;0,5956368
PrimPrio;Nodes;1000;Edges;75;CputTime;0,234375;Stopwatch;0,192237
PrimHeap;Nodes;1000;Edges;75;CputTime;0,171875;Stopwatch;0,1800893
PrimSD;Nodes;1000;Edges;75;CputTime;0,28125;Stopwatch;0,2768904
PrimSL;Nodes;1000;Edges;75;CputTime;0,28125;Stopwatch;0,272979
Kruskals;Nodes;1000;Edges;75;CputTime;0,640625;Stopwatch;0,6277377
PrimPrio;Nodes;1000;Edges;75;CputTime;0,15625;Stopwatch;0,174371
PrimHeap;Nodes;1000;Edges;75;CputTime;0,234375;Stopwatch;0,2494518
PrimSD;Nodes;1000;Edges;75;CputTime;0,296875;Stopwatch;0,3378929
PrimSL;Nodes;1000;Edges;75;CputTime;0,28125;Stopwatch;0,2881927
Kruskals;Nodes;1000;Edges;75;CputTime;0,625;Stopwatch;0,6262787
PrimPrio;Nodes;1000;Edges;75;CputTime;0,21875;Stopwatch;0,2073506
PrimHeap;Nodes;1000;Edges;75;CputTime;0,21875;Stopwatch;0,225123
PrimSD;Nodes;1000;Edges;75;CputTime;0,28125;Stopwatch;0,2454794
PrimSL;Nodes;1000;Edges;75;CputTime;0,265625;Stopwatch;0,2693588
Kruskals;Nodes;1000;Edges;75;CputTime;0,609375;Stopwatch;0,6984884
PrimPrio;Nodes;1000;Edges;75;CputTime;0,171875;Stopwatch;0,1733543
PrimHeap;Nodes;1000;Edges;75;CputTime;0,171875;Stopwatch;0,1859429
PrimSD;Nodes;1000;Edges;75;CputTime;0,359375;Stopwatch;0,359159
PrimSL;Nodes;1000;Edges;75;CputTime;0,28125;Stopwatch;0,270048
Kruskals;Nodes;1000;Edges;75;CputTime;0,578125;Stopwatch;0,5764466
PrimPrio;Nodes;1000;Edges;75;CputTime;0,296875;Stopwatch;0,291761
PrimHeap;Nodes;1000;Edges;75;CputTime;0,171875;Stopwatch;0,1732081
PrimSD;Nodes;1000;Edges;75;CputTime;0,375;Stopwatch;0,3332124
PrimSL;Nodes;1000;Edges;75;CputTime;0,234375;Stopwatch;0,2694959
Kruskals;Nodes;1000;Edges;75;CputTime;0,625;Stopwatch;0,6100107
PrimPrio;Nodes;1000;Edges;75;CputTime;0,25;Stopwatch;0,1968112
PrimHeap;Nodes;1000;Edges;75;CputTime;0,171875;Stopwatch;0,1898588
PrimSD;Nodes;1000;Edges;75;CputTime;0,265625;Stopwatch;0,2748964
PrimSL;Nodes;1000;Edges;75;CputTime;0,265625;Stopwatch;0,2710341
Kruskals;Nodes;1000;Edges;75;CputTime;0,609375;Stopwatch;0,641198
PrimPrio;Nodes;1000;Edges;75;CputTime;0,15625;Stopwatch;0,1744781
PrimHeap;Nodes;1000;Edges;75;CputTime;0,171875;Stopwatch;0,1812978
PrimSD;Nodes;1000;Edges;75;CputTime;0,296875;Stopwatch;0,3020382
PrimSL;Nodes;1000;Edges;75;CputTime;0,25;Stopwatch;0,2693474
Kruskals;Nodes;1000;Edges;75;CputTime;0,546875;Stopwatch;0,5695183
PrimPrio;Nodes;1000;Edges;75;CputTime;0,171875;Stopwatch;0,173436
PrimHeap;Nodes;1000;Edges;75;CputTime;0,171875;Stopwatch;0,1789795
PrimSD;Nodes;1000;Edges;75;CputTime;0,375;Stopwatch;0,3463974
PrimSL;Nodes;1000;Edges;75;CputTime;0,234375;Stopwatch;0,273344
Kruskals;Nodes;1000;Edges;75;CputTime;0,609375;Stopwatch;0,6144213
PrimPrio;Nodes;1000;Edges;75;CputTime;0,265625;Stopwatch;0,2025563
PrimHeap;Nodes;1000;Edges;75;CputTime;0,1875;Stopwatch;0,1897305
PrimSD;Nodes;1000;Edges;75;CputTime;0,296875;Stopwatch;0,3016698
PrimSL;Nodes;1000;Edges;75;CputTime;0,265625;Stopwatch;0,2727886
